post_title	post_name	sku	parent_sku	children	stock	regular_price	sold_individually	tax_status	product_url	images	product_page_url
HS228	hs228	SNA10282675				29.000000	no	taxable		"https://49b.pfcd.ca/wp-content/uploads/2023/12/HS2286.jpg ! alt :  ! title : HS2286.jpg ! desc :  ! caption : "	https://49b.pfcd.ca/product/hs228/
"3x1 Aluminium Powder Coated Hub with Bearings"	3x1-aluminium-powder-coated-hub-with-bearings	2CA405-WHI-PC				55.000000	no	taxable		"https://49b.pfcd.ca/wp-content/uploads/2023/12/white.png ! alt :  ! title : white.png ! desc :  ! caption : "	https://49b.pfcd.ca/product/3x1-aluminium-powder-coated-hub-with-bearings/
"6x1 Aluminium Powder Coated Hub with Bearings"	6x1-aluminium-powder-coated-hub-with-bearings	2CA040-WHI-PC				100.000000	no	taxable		"https://49b.pfcd.ca/wp-content/uploads/2023/12/white.png ! alt :  ! title : white.png ! desc :  ! caption : "	https://49b.pfcd.ca/product/6x1-aluminium-powder-coated-hub-with-bearings/
"4x1 Aluminium Powder Coated Hub with Bearings"	4x1-aluminium-powder-coated-hub-with-bearings	2CA027-WHI-PC				75.000000	no	taxable		"https://49b.pfcd.ca/wp-content/uploads/2023/12/white.png ! alt :  ! title : white.png ! desc :  ! caption : "	https://49b.pfcd.ca/product/4x1-aluminium-powder-coated-hub-with-bearings/
"25"" SoftWheel Aluminium 2.75"	25-softwheel-aluminium-2-75	4WH520				2375.000000	no	taxable		"https://49b.pfcd.ca/wp-content/uploads/2023/12/softwheel-round.jpg ! alt :  ! title : softwheel-round.jpg ! desc :  ! caption : "	https://49b.pfcd.ca/product/25-softwheel-aluminium-2-75/
"24"" SoftWheel Aluminium 2.75"	24-softwheel-aluminium-2-75	4WH510				2375.000000	no	taxable		"https://49b.pfcd.ca/wp-content/uploads/2023/12/softwheel-round.jpg ! alt :  ! title : softwheel-round.jpg ! desc :  ! caption : "	https://49b.pfcd.ca/product/24-softwheel-aluminium-2-75/
"20'' Wire"	20-wire	4WH625				142.50	no	taxable		"https://49b.pfcd.ca/wp-content/uploads/2024/01/4WH625.jpg ! alt :  ! title : SpinergySpinwire.jpg ! desc :  ! caption : "	https://49b.pfcd.ca/product/20-wire/
"20'' X-Core 3"	20-x-core-3	4WH570				85.000000	no	taxable		"https://49b.pfcd.ca/wp-content/uploads/2023/12/4WH610.jpg ! alt :  ! title : 4WH610.jpg ! desc :  ! caption : "	https://49b.pfcd.ca/product/20-x-core-3/
"20'' X-Core Mag 5"	20-x-core-mag-5	4WH565				85.000000	no	taxable		"https://49b.pfcd.ca/wp-content/uploads/2024/01/4WH565.jpg ! alt :  ! title : Mag-Xcore.jpg ! desc :  ! caption : "	https://49b.pfcd.ca/product/20-x-core-mag-5/
"22'' X-Core Mag 5"	22-x-core-mag-5	4WH573				85.00	no	taxable		"https://49b.pfcd.ca/wp-content/uploads/2024/01/4WH573.jpg ! alt :  ! title : 4WH573.jpg ! desc :  ! caption : "	https://49b.pfcd.ca/product/22-x-core-mag-5/
"K912 - Black 8.5x2.0"	k912-black-8-5x2-0	K070891207B0				15.000000	no	taxable		"https://49b.pfcd.ca/wp-content/uploads/2024/04/K912_200x200.jpg ! alt :  ! title : K912_200x200 ! desc :  ! caption : "	https://49b.pfcd.ca/product/k912-black-8-5x2-0/
"7x1 Primo Poly - Black"	7x1-primo-poly-black	2CA160				75.000000	no	taxable		"https://49b.pfcd.ca/wp-content/uploads/2024/04/2CA099.png ! alt :  ! title : 2CA099 ! desc :  ! caption : "	https://49b.pfcd.ca/product/7x1-primo-poly-black/
"7x1 3/4 Pneumatic c/w Tire Tube Bearings"	7x1-3-4-pneumatic-c-w-tire-tube-bearings	2CA204				75.000000	no	taxable		"https://49b.pfcd.ca/wp-content/uploads/2024/04/2CA204.png ! alt :  ! title : 2CA204 ! desc :  ! caption : "	https://49b.pfcd.ca/product/7x1-3-4-pneumatic-c-w-tire-tube-bearings/
"8x1 Primo Poly - Black"	8x1-primo-poly-black	2CA180				75.000000	no	taxable		"https://49b.pfcd.ca/wp-content/uploads/2024/04/2CA099.png ! alt :  ! title : 2CA099 ! desc :  ! caption : "	https://49b.pfcd.ca/product/8x1-primo-poly-black/
"Krypto 47mm - Green"	krypto-47mm-green	4CA740-GN				35	no	taxable		"https://49b.pfcd.ca/wp-content/uploads/2023/12/noimage.gif ! alt :  ! title : noimage.gif ! desc :  ! caption : "	https://49b.pfcd.ca/product/krypto-47mm-green/
"Krypto 59mm - Clear"	krypto-59mm-clear	4CA749-CC				35	no	taxable		"https://49b.pfcd.ca/wp-content/uploads/2024/04/4CA749-CC.jpg ! alt :  ! title : 4CA749-CC ! desc :  ! caption : "	https://49b.pfcd.ca/product/krypto-59mm-clear/
"Krypto 62mm - Black"	krypto-62mm-black	4CA750				68	no	taxable		"https://49b.pfcd.ca/wp-content/uploads/2023/12/noimage.gif ! alt :  ! title : noimage.gif ! desc :  ! caption : "	https://49b.pfcd.ca/product/krypto-62mm-black/
"Krypto 69mm"	krypto-69mm	4CA755				35.000000	no	taxable		"https://49b.pfcd.ca/wp-content/uploads/2023/12/noimage.gif ! alt :  ! title : noimage.gif ! desc :  ! caption : "	https://49b.pfcd.ca/product/krypto-69mm/
"Krypto Flashing 75mm"	krypto-flashing-75mm	4CA780				50.000000	no	taxable		"https://49b.pfcd.ca/wp-content/uploads/2023/12/noimage.gif ! alt :  ! title : noimage.gif ! desc :  ! caption : "	https://49b.pfcd.ca/product/krypto-flashing-75mm/
"3x1 MBL Composite Court"	3x1-mbl-composite-court	2CA410				35.000000	no	taxable		"https://49b.pfcd.ca/wp-content/uploads/2023/12/noimage.gif ! alt :  ! title : noimage.gif ! desc :  ! caption : "	https://49b.pfcd.ca/product/3x1-mbl-composite-court/
"Krypto 80mm - Assm Micro - All Court"	krypto-80mm-assm-micro-all-court	4CA766				40.000000	no	taxable		"https://49b.pfcd.ca/wp-content/uploads/2024/01/noimage54.gif ! alt :  ! title : noimage54.gif ! desc :  ! caption : "	https://49b.pfcd.ca/product/krypto-80mm-assm-micro-all-court/
"4x1.4 Composite Hub - Black Tread"	4x1-4-composite-hub-black-tread	2CA023				50.000000	no	taxable		"https://49b.pfcd.ca/wp-content/uploads/2023/12/noimage.gif ! alt :  ! title : noimage.gif ! desc :  ! caption : "	https://49b.pfcd.ca/product/4x1-4-composite-hub-black-tread/
"4x1.5 Soft Roll Composite Black Hub - Black tread"	4x1-5-soft-roll-composite-black-hub-black-tread	2CA029-BLK-Bk				65.000000	no	taxable		"https://49b.pfcd.ca/wp-content/uploads/2023/12/noimage.gif ! alt :  ! title : noimage.gif ! desc :  ! caption : "	https://49b.pfcd.ca/product/4x1-5-soft-roll-composite-black-hub-black-tread/
"Krypto 100mm - Flashing"	krypto-100mm-flashing	4CA770				65.000000	no	taxable		"https://49b.pfcd.ca/wp-content/uploads/2023/12/noimage.gif ! alt :  ! title : noimage.gif ! desc :  ! caption : "	https://49b.pfcd.ca/product/krypto-100mm-flashing/
"MBL (100x34) Alucore 8mm (1404A1)"	mbl-100x34-alucore-8mm-1404a1	2CA026				75.000000	no	taxable		"https://49b.pfcd.ca/wp-content/uploads/2024/04/2CA033.png ! alt :  ! title : 2CA033 ! desc :  ! caption : "	https://49b.pfcd.ca/product/mbl-100x34-alucore-8mm-1404a1/
"4x1 Composite Hub"	4x1-composite-hub	2CA411				50.000000	no	taxable		"https://49b.pfcd.ca/wp-content/uploads/2024/04/2CA4115.jpg ! alt :  ! title : CREATOR: gd-jpeg v1.0 (using IJG JPEG v62), quality = 90 ! desc :  ! caption : CREATOR: gd-jpeg v1.0 (using IJG JPEG v62), quality = 90"	https://49b.pfcd.ca/product/4x1-composite-hub/
"4x1.25 Back Carbon Fiber Caster w Black Molded Injection Tread"	4x1-25-back-carbon-fiber-caster-w-black-molded-injection-tread	2CA201-CF-BK				95.000000	no	taxable		"https://49b.pfcd.ca/wp-content/uploads/2024/04/2CA201-CF-BK_200x200.png ! alt :  ! title : 2CA201-CF-BK_200x200 ! desc :  ! caption : "	https://49b.pfcd.ca/product/4x1-25-back-carbon-fiber-caster-w-black-molded-injection-tread/
"4x1 Primo Hollow Caster P-110 Black"	4x1-primo-hollow-caster-p-110-black	2CA109				35.000000	no	taxable		"https://49b.pfcd.ca/wp-content/uploads/2024/04/2CA117.png ! alt :  ! title : 2CA117 ! desc :  ! caption : "	https://49b.pfcd.ca/product/4x1-primo-hollow-caster-p-110-black/
"4x1.5 Primo Hollow Caster - Black"	4x1-5-primo-hollow-caster-black	2CA112				35.000000	no	taxable		"https://49b.pfcd.ca/wp-content/uploads/2024/04/2CA115.png ! alt :  ! title : 2CA115 ! desc :  ! caption : "	https://49b.pfcd.ca/product/4x1-5-primo-hollow-caster-black/
"5x1.4 Composite Hub - Black Tread"	5x1-4-composite-hub-black-tread	2CA021				70.000000	no	taxable		"https://49b.pfcd.ca/wp-content/uploads/2024/04/2CA023-BLK-Bk.jpg ! alt :  ! title : 2CA023-BLK-Bk ! desc :  ! caption : "	https://49b.pfcd.ca/product/5x1-4-composite-hub-black-tread/
"5'' MBL (125x34) Alucore 8mm (1405A1)"	5-mbl-125x34-alucore-8mm-1405a1	2CA003				75.000000	no	taxable		"https://49b.pfcd.ca/wp-content/uploads/2024/04/2CA003.png ! alt :  ! title : 2CA003 ! desc :  ! caption : "	https://49b.pfcd.ca/product/5-mbl-125x34-alucore-8mm-1405a1/
"5x1 MBL Pneumatic complete, Tire, Tube, Bearing"	5x1-mbl-pneumatic-complete-tire-tube-bearing	2CA022				100.000000	no	taxable		"https://49b.pfcd.ca/wp-content/uploads/2024/04/2CA022.png ! alt :  ! title : 2CA022 ! desc :  ! caption : "	https://49b.pfcd.ca/product/5x1-mbl-pneumatic-complete-tire-tube-bearing/
"5x1 Primo Poly - Black"	5x1-primo-poly-black	2CA099				70.000000	no	taxable		"https://49b.pfcd.ca/wp-content/uploads/2024/04/2CA114.png ! alt :  ! title : 2CA114 ! desc :  ! caption : "	https://49b.pfcd.ca/product/5x1-primo-poly-black/
"5x1 CEW Aluminium / Shox - Black tread"	5x1-cew-aluminium-shox-black-tread	2CA300-SLV-Bk				90.000000	no	taxable		"https://49b.pfcd.ca/wp-content/uploads/2024/04/2CA300-SLV-BK.png ! alt :  ! title : 2CA300-SLV-BK ! desc :  ! caption : "	https://49b.pfcd.ca/product/5x1-cew-aluminium-shox-black-tread/
"5x1 Composite Hub"	5x1-composite-hub	2CA020				50.000000	no	taxable		"https://49b.pfcd.ca/wp-content/uploads/2024/04/2CA4115.jpg ! alt :  ! title : CREATOR: gd-jpeg v1.0 (using IJG JPEG v62), quality = 90 ! desc :  ! caption : CREATOR: gd-jpeg v1.0 (using IJG JPEG v62), quality = 90"	https://49b.pfcd.ca/product/5x1-composite-hub/
"5x1 Primo D.G. Hollow Caster P-100 Black"	5x1-primo-d-g-hollow-caster-p-100-black	2CA114				35.000000	no	taxable		"https://49b.pfcd.ca/wp-content/uploads/2024/04/2CA114.png ! alt :  ! title : 2CA114 ! desc :  ! caption : "	https://49b.pfcd.ca/product/5x1-primo-d-g-hollow-caster-p-100-black/
"5x1.5 Primo Hollow Caster P-120 Black"	5x1-5-primo-hollow-caster-p-120-black	2CA115				35.000000	no	taxable		"https://49b.pfcd.ca/wp-content/uploads/2024/04/2CA115.png ! alt :  ! title : 2CA115 ! desc :  ! caption : "	https://49b.pfcd.ca/product/5x1-5-primo-hollow-caster-p-120-black/
"6x1.4 Composite Hub, 3 spikes"	6x1-4-composite-hub-3-spikes	2CA052				52.000000	no	taxable		"https://49b.pfcd.ca/wp-content/uploads/2024/04/2CA4115.jpg ! alt :  ! title : CREATOR: gd-jpeg v1.0 (using IJG JPEG v62), quality = 90 ! desc :  ! caption : CREATOR: gd-jpeg v1.0 (using IJG JPEG v62), quality = 90"	https://49b.pfcd.ca/product/6x1-4-composite-hub-3-spikes/
"6x1.4 Composite Hub - Black Tread"	6x1-4-composite-hub-black-tread	2CA050				52.000000	no	taxable		"https://49b.pfcd.ca/wp-content/uploads/2024/04/2CA023-BLK-Bk.jpg ! alt :  ! title : 2CA023-BLK-Bk ! desc :  ! caption : "	https://49b.pfcd.ca/product/6x1-4-composite-hub-black-tread/
"6x1.4 Black Nylon Disc Hub -0 Black Tread"	6x1-4-black-nylon-disc-hub-0-black-tread	2CA053				100.000000	no	taxable		"https://49b.pfcd.ca/wp-content/uploads/2023/12/noimage.gif ! alt :  ! title : noimage.gif ! desc :  ! caption : "	https://49b.pfcd.ca/product/6x1-4-black-nylon-disc-hub-0-black-tread/
"6'' MBL (150x34) Alucore 8mm (1406A1)"	6-mbl-150x34-alucore-8mm-1406a1	2CA033				100.000000	no	taxable		"https://49b.pfcd.ca/wp-content/uploads/2024/04/2CA033.png ! alt :  ! title : 2CA033 ! desc :  ! caption : "	https://49b.pfcd.ca/product/6-mbl-150x34-alucore-8mm-1406a1/
"6x1 1/4 MBL Pneumatic Castor complete, Tire/Tube/Bearings"	6x1-1-4-mbl-pneumatic-castor-complete-tire-tube-bearings	2CA035				75.000000	no	taxable		"https://49b.pfcd.ca/wp-content/uploads/2024/01/noimage54.gif ! alt :  ! title : noimage54.gif ! desc :  ! caption : "	https://49b.pfcd.ca/product/6x1-1-4-mbl-pneumatic-castor-complete-tire-tube-bearings/
"6x1 Primo D.G. Hollow Caster P-102 Black"	6x1-primo-d-g-hollow-caster-p-102-black	2CA117				35.000000	no	taxable		"https://49b.pfcd.ca/wp-content/uploads/2024/04/2CA117.png ! alt :  ! title : 2CA117 ! desc :  ! caption : "	https://49b.pfcd.ca/product/6x1-primo-d-g-hollow-caster-p-102-black/
"6x1.5 Primo Hollow Caster P-120 Black"	6x1-5-primo-hollow-caster-p-120-black	2CA118				35.000000	no	taxable		"https://49b.pfcd.ca/wp-content/uploads/2024/04/2CA115.png ! alt :  ! title : 2CA115 ! desc :  ! caption : "	https://49b.pfcd.ca/product/6x1-5-primo-hollow-caster-p-120-black/
"k301 Rib - Black Non Marking 10x3 (300-4)"	k301-rib-black-non-marking-10x3-300-4	K253010404B0BK				30.000000	no	taxable		"https://49b.pfcd.ca/wp-content/uploads/2024/04/k301_200x200.jpg ! alt :  ! title : k301_200x200 ! desc :  ! caption : "	https://49b.pfcd.ca/product/k301-rib-black-non-marking-10x3-300-4/
"K671 Cruiser - Grey 10x3 (410/350-6)"	k671-cruiser-grey-10x3-410-350-6	K256710616B0				33.000000	no	taxable		"https://49b.pfcd.ca/wp-content/uploads/2024/04/K671.jpg ! alt :  ! title : K671 ! desc :  ! caption : "	https://49b.pfcd.ca/product/k671-cruiser-grey-10x3-410-350-6/
"k301X Rib - Foam Filled 10x3 (300-4)"	k301x-rib-foam-filled-10x3-300-4	KTT10300F				67.000000	no	taxable		"https://49b.pfcd.ca/wp-content/uploads/2024/04/k301_200x200.jpg ! alt :  ! title : k301_200x200 ! desc :  ! caption : "	https://49b.pfcd.ca/product/k301x-rib-foam-filled-10x3-300-4/
"K671 Racing - Foam Filled - Grey 10x3 (300-4)"	k671-racing-foam-filled-grey-10x3-300-4	KTT10300NPR				82.000000	no	taxable		"https://49b.pfcd.ca/wp-content/uploads/2024/04/K671.jpg ! alt :  ! title : K671 ! desc :  ! caption : "	https://49b.pfcd.ca/product/k671-racing-foam-filled-grey-10x3-300-4/
"K469 Knobby Foam Filled - Grey 10x3-1 (300-4)"	k469-knobby-foam-filled-grey-10x3-1-300-4	KTT10300R-469				75.000000	no	taxable		"https://49b.pfcd.ca/wp-content/uploads/2024/04/k469_200x200.jpg ! alt :  ! title : k469_200x200 ! desc :  ! caption : "	https://49b.pfcd.ca/product/k469-knobby-foam-filled-grey-10x3-1-300-4/
"6x1 1/4 Cruiser K671 4P T (150x30) (32-86) - Grey"	6x1-1-4-cruiser-k671-4p-t-150x30-32-86-grey	K25671515B0				13.000000	no	taxable		"https://49b.pfcd.ca/wp-content/uploads/2024/04/K671.jpg ! alt :  ! title : K671 ! desc :  ! caption : "	https://49b.pfcd.ca/product/6x1-1-4-cruiser-k671-4p-t-150x30-32-86-grey/
"8x1 1/4 Street K23B (32-137) - Grey"	8x1-1-4-street-k23b-32-137-grey	K25081523B14				13.000000	no	taxable		"https://49b.pfcd.ca/wp-content/uploads/2024/04/K25081523B142.png ! alt :  ! title : K25081523B142 ! desc :  ! caption : "	https://49b.pfcd.ca/product/8x1-1-4-street-k23b-32-137-grey/
"K473 - 8x2 (200x50) - Black"	k473-8x2-200x50-black	K2454730301C0				15.000000	no	taxable		"https://49b.pfcd.ca/wp-content/uploads/2024/04/K473.jpg ! alt :  ! title : K473 ! desc :  ! caption : "	https://49b.pfcd.ca/product/k473-8x2-200x50-black/
"K909 Slick 4P - Black 8x2 (200x50)"	k909-slick-4p-black-8x2-200x50	K109090301B0				20.000000	no	taxable		"https://49b.pfcd.ca/wp-content/uploads/2024/04/k909.jpg ! alt :  ! title : k909 ! desc :  ! caption : "	https://49b.pfcd.ca/product/k909-slick-4p-black-8x2-200x50/
"K469 Traction 4P TT - Grey 8x2 (200x50)"	k469-traction-4p-tt-grey-8x2-200x50	K254690401B0				15.000000	no	taxable		"https://49b.pfcd.ca/wp-content/uploads/2024/04/k469_200x200.jpg ! alt :  ! title : k469_200x200 ! desc :  ! caption : "	https://49b.pfcd.ca/product/k469-traction-4p-tt-grey-8x2-200x50/
"k301 4P - Foam Filled - Grey 8x2 (200x50)"	k301-4p-foam-filled-grey-8x2-200x50	KTT82000				42.000000	no	taxable		"https://49b.pfcd.ca/wp-content/uploads/2024/04/k301_200x200.jpg ! alt :  ! title : k301_200x200 ! desc :  ! caption : "	https://49b.pfcd.ca/product/k301-4p-foam-filled-grey-8x2-200x50/
"K469 Knobby Foam Filled - Grey 8x2 (200x50)"	k469-knobby-foam-filled-grey-8x2-200x50	KTT82000K				42.000000	no	taxable		"https://49b.pfcd.ca/wp-content/uploads/2024/04/k469_200x200.jpg ! alt :  ! title : k469_200x200 ! desc :  ! caption : "	https://49b.pfcd.ca/product/k469-knobby-foam-filled-grey-8x2-200x50/
"K372X Turf 4P TT 9x350-4"	k372x-turf-4p-tt-9x350-4	K103720450B0				25.000000	no	taxable		"https://49b.pfcd.ca/wp-content/uploads/2023/12/K372_B.jpg ! alt :  ! title : K372_Edited.png ! desc :  ! caption : "	https://49b.pfcd.ca/product/k372x-turf-4p-tt-9x350-4/
"K372 Turf - Foam Filled 9x350-4"	k372-turf-foam-filled-9x350-4	KTT91350				74.000000	no	taxable		"https://49b.pfcd.ca/wp-content/uploads/2023/12/K372_B.jpg ! alt :  ! title : K372_Edited.png ! desc :  ! caption : "	https://49b.pfcd.ca/product/k372-turf-foam-filled-9x350-4/
"K276 Sawtooth 4P TT - Black Non Marking 9x2 (280/250-4)"	k276-sawtooth-4p-tt-black-non-marking-9x2-280-250-4	K252760404B0BK				20.000000	no	taxable		"https://49b.pfcd.ca/wp-content/uploads/2024/04/K276.jpg ! alt :  ! title : K276 ! desc :  ! caption : "	https://49b.pfcd.ca/product/k276-sawtooth-4p-tt-black-non-marking-9x2-280-250-4/
"K276X Sawtooth Foam Filled 9x2 (280/250-4)"	k276x-sawtooth-foam-filled-9x2-280-250-4	KTT28250				51.000000	no	taxable		"https://49b.pfcd.ca/wp-content/uploads/2024/04/K276.jpg ! alt :  ! title : K276 ! desc :  ! caption : "	https://49b.pfcd.ca/product/k276x-sawtooth-foam-filled-9x2-280-250-4/
"k301Rib - Foam Filled 9x2 (280/250-4)"	k301rib-foam-filled-9x2-280-250-4	KTT28250F				54.000000	no	taxable		"https://49b.pfcd.ca/wp-content/uploads/2024/04/k301_200x200.jpg ! alt :  ! title : k301_200x200 ! desc :  ! caption : "	https://49b.pfcd.ca/product/k301rib-foam-filled-9x2-280-250-4/
"K470 Slick 6P TT - Black 10x2 (260/165-60)"	k470-slick-6p-tt-black-10x2-260-165-60	K254700206C0				20.000000	no	taxable		"https://49b.pfcd.ca/wp-content/uploads/2024/04/K470_200x200-1.jpg ! alt :  ! title : K470_200x200 ! desc :  ! caption : "	https://49b.pfcd.ca/product/k470-slick-6p-tt-black-10x2-260-165-60/
"K353A Sawtooth - Grey 12x3 (410/350-4)"	k353a-sawtooth-grey-12x3-410-350-4	K073540416A0G				22.000000	no	taxable		"https://49b.pfcd.ca/wp-content/uploads/2024/04/sawtooth.png ! alt :  ! title : sawtooth ! desc :  ! caption : "	https://49b.pfcd.ca/product/k353a-sawtooth-grey-12x3-410-350-4/
"K352 Stud - Black Non Marking 12x3 (410/350-4)"	k352-stud-black-non-marking-12x3-410-350-4	K253520416B0BK				30.000000	no	taxable		"https://49b.pfcd.ca/wp-content/uploads/2024/04/K352_Edited.png ! alt :  ! title : K352_Edited ! desc :  ! caption : "	https://49b.pfcd.ca/product/k352-stud-black-non-marking-12x3-410-350-4/
"K352 Stud 4P - Grey 12x3 (410/350-6)"	k352-stud-4p-grey-12x3-410-350-6	K073520616B1				40.000000	no	taxable		"https://49b.pfcd.ca/wp-content/uploads/2024/04/K352_Edited.png ! alt :  ! title : K352_Edited ! desc :  ! caption : "	https://49b.pfcd.ca/product/k352-stud-4p-grey-12x3-410-350-6/
"K353A Sawtooth Foam Filled - Black 12x3 (410/350-6)"	k353a-sawtooth-foam-filled-black-12x3-410-350-6	KTT61350				97.000000	no	taxable		"https://49b.pfcd.ca/wp-content/uploads/2024/04/k353.jpg ! alt :  ! title : k353 ! desc :  ! caption : "	https://49b.pfcd.ca/product/k353a-sawtooth-foam-filled-black-12x3-410-350-6/
"K398 2PL - Black 12x3 (410/3.50-6)"	k398-2pl-black-12x3-410-3-50-6	K073980616A1				33.000000	no	taxable		"https://49b.pfcd.ca/wp-content/uploads/2024/04/K398.jpg ! alt :  ! title : K398 ! desc :  ! caption : "	https://49b.pfcd.ca/product/k398-2pl-black-12x3-410-3-50-6/
"K352 Stud Foam Filled - Black 12x3 (410/350-5)"	k352-stud-foam-filled-black-12x3-410-350-5	KFB51350K				94.000000	no	taxable		"https://49b.pfcd.ca/wp-content/uploads/2024/04/K352_Edited.png ! alt :  ! title : K352_Edited ! desc :  ! caption : "	https://49b.pfcd.ca/product/k352-stud-foam-filled-black-12x3-410-350-5/
"K352 Stud Foam Filled - Black 12x3 (410/350-6)"	k352-stud-foam-filled-black-12x3-410-350-6	KFB61350K				94.000000	no	taxable		"https://49b.pfcd.ca/wp-content/uploads/2024/04/K352_Edited.png ! alt :  ! title : K352_Edited ! desc :  ! caption : "	https://49b.pfcd.ca/product/k352-stud-foam-filled-black-12x3-410-350-6/
"K312 Universal Foam Filled - Grey (400-5)13x4"	k312-universal-foam-filled-grey-400-513x4	KTT40050				84.000000	no	taxable		"https://49b.pfcd.ca/wp-content/uploads/2024/04/k312_200x200.jpg ! alt :  ! title : k312_200x200 ! desc :  ! caption : "	https://49b.pfcd.ca/product/k312-universal-foam-filled-grey-400-513x4/
"HS387 Right Run 22x1.0 (25-501)"	hs387-right-run-22x1-0-25-501	SNA10277387.01				25.000000	no	taxable		"https://49b.pfcd.ca/wp-content/uploads/2024/04/HS387_RightRun.jpg ! alt :  ! title : HS387_RightRun ! desc :  ! caption : "	https://49b.pfcd.ca/product/hs387-right-run-22x1-0-25-501/
"K103 Street 22x1.375 (37-501)"	k103-street-22x1-375-37-501	K25222010314				15.000000	no	taxable		"https://49b.pfcd.ca/wp-content/uploads/2024/04/K103_Street.jpg ! alt :  ! title : K103_Street ! desc :  ! caption : "	https://49b.pfcd.ca/product/k103-street-22x1-375-37-501/
"K1010 Nevegal 22x1.95 (50-501) - Black"	k1010-nevegal-22x1-95-50-501-black	K212186				40.000000	no	taxable		"https://49b.pfcd.ca/wp-content/uploads/2023/12/K1010.png ! alt :  ! title : K1010.png ! desc :  ! caption : "	https://49b.pfcd.ca/product/k1010-nevegal-22x1-95-50-501-black/
"C1836 Sentinel 22x1.0 (25-501)"	c1836-sentinel-22x1-0-25-501	2TY014				60.000000	no	taxable		"https://49b.pfcd.ca/wp-content/uploads/2024/04/sentinel.jpg ! alt :  ! title : sentinel ! desc :  ! caption : "	https://49b.pfcd.ca/product/c1836-sentinel-22x1-0-25-501/
"Aeroflex 22x1.375 (501)"	aeroflex-22x1-375-501	2TY0074AAA				40.000000	no	taxable		"https://49b.pfcd.ca/wp-content/uploads/2024/04/aeroflex.jpg ! alt :  ! title : aeroflex ! desc :  ! caption : "	https://49b.pfcd.ca/product/aeroflex-22x1-375-501/
"K470 Slick 6P TT - Black 12.5x2.25(203)"	k470-slick-6p-tt-black-12-5x2-25203	K25470120603				20.000000	no	taxable		"https://49b.pfcd.ca/wp-content/uploads/2024/04/K470_200x200.jpg ! alt :  ! title : K470_200x200 ! desc :  ! caption : "	https://49b.pfcd.ca/product/k470-slick-6p-tt-black-12-5x2-25203/
"K469 Traction 4P TT - Grey 12.5x2.25(203)"	k469-traction-4p-tt-grey-12-5x2-25203	K254692508B0				20.000000	no	taxable		"https://49b.pfcd.ca/wp-content/uploads/2024/04/k469.jpg ! alt :  ! title : k469 ! desc :  ! caption : "	https://49b.pfcd.ca/product/k469-traction-4p-tt-grey-12-5x2-25203/
"K124 Street- Grey 12.5x2.25(203)"	k124-street-grey-12-5x2-25203	K2512124000				20.000000	no	taxable		"https://49b.pfcd.ca/wp-content/uploads/2024/04/k124.jpg ! alt :  ! title : k124 ! desc :  ! caption : "	https://49b.pfcd.ca/product/k124-street-grey-12-5x2-25203/
"K50 Knobby - Black 12.5x2.25(203)"	k50-knobby-black-12-5x2-25203	K01126005001				20.000000	no	taxable		"https://49b.pfcd.ca/wp-content/uploads/2024/04/K50_gy.jpg ! alt :  ! title : K50_gy ! desc :  ! caption : "	https://49b.pfcd.ca/product/k50-knobby-black-12-5x2-25203/
"K909 Slick - Black 12.5x2.25(203)"	k909-slick-black-12-5x2-25203	K01126090901				20.000000	no	taxable		"https://49b.pfcd.ca/wp-content/uploads/2024/04/k909.jpg ! alt :  ! title : k909 ! desc :  ! caption : "	https://49b.pfcd.ca/product/k909-slick-black-12-5x2-25203/
"HS420 Marathon Plus Evolution 700x23c (23-622)"	hs420-marathon-plus-evolution-700x23c-23-622	SNA11100495				57.000000	no	taxable		"https://49b.pfcd.ca/wp-content/uploads/2024/04/HS420.jpg ! alt :  ! title : HS420 ! desc :  ! caption : "	https://49b.pfcd.ca/product/hs420-marathon-plus-evolution-700x23c-23-622/
"HS380 Ultremo ZX 700x25 (25-622)"	hs380-ultremo-zx-700x25-25-622	SNA11600036.01				81.000000	no	taxable		"https://49b.pfcd.ca/wp-content/uploads/2024/04/HS380_UltremoZX.jpg ! alt :  ! title : HS380_UltremoZX ! desc :  ! caption : "	https://49b.pfcd.ca/product/hs380-ultremo-zx-700x25-25-622/
"HS399 Durano 700x25c (25-622)"	hs399-durano-700x25c-25-622	SNA11600172.01				70.000000	no	taxable		"https://49b.pfcd.ca/wp-content/uploads/2024/04/HS399_Durano.jpg ! alt :  ! title : HS399_Durano ! desc :  ! caption : "	https://49b.pfcd.ca/product/hs399-durano-700x25c-25-622/
"MS3 28 (25-622)"	ms3-28-25-622	2TY635				125.000000	no	taxable		"https://49b.pfcd.ca/wp-content/uploads/2024/04/WS-3.jpg ! alt :  ! title : WS-3 ! desc :  ! caption : "	https://49b.pfcd.ca/product/ms3-28-25-622/
"IRC Exeracer Pro Tires 28x1 (622) - Red"	irc-exeracer-pro-tires-28x1-622-red	2TY750				120.000000	no	taxable		"https://49b.pfcd.ca/wp-content/uploads/2024/01/noimage54.gif ! alt :  ! title : noimage54.gif ! desc :  ! caption : "	https://49b.pfcd.ca/product/irc-exeracer-pro-tires-28x1-622-red/
"HS343 SpeedAir 26x0.75 (20-590)"	hs343-speedair-26x0-75-20-590	SNA10285353.01				71.000000	no	taxable		"https://49b.pfcd.ca/wp-content/uploads/2023/12/HS343_SpeedAir_white.jpg ! alt :  ! title : HS343_SpeedAir_white.jpg ! desc :  ! caption : "	https://49b.pfcd.ca/product/hs343-speedair-26x0-75-20-590/
"HS440 Marathon Plus Evolution 26x1.0 (25-590)"	hs440-marathon-plus-evolution-26x1-0-25-590	SNA10284440				75.000000	no	taxable		"https://49b.pfcd.ca/wp-content/uploads/2023/12/HS440.jpg ! alt :  ! title : HS440.jpg ! desc :  ! caption : "	https://49b.pfcd.ca/product/hs440-marathon-plus-evolution-26x1-0-25-590/
"HS387 Right Run 26x1.0 (25-590)"	hs387-right-run-26x1-0-25-590	SNA10285387.01				25.000000	no	taxable		"https://49b.pfcd.ca/wp-content/uploads/2024/04/HS387_RightRun.jpg ! alt :  ! title : HS387_RightRun ! desc :  ! caption : "	https://49b.pfcd.ca/product/hs387-right-run-26x1-0-25-590/
"HS392 Delta Cruiser 26x1.375 (37-590)"	hs392-delta-cruiser-26x1-375-37-590	SNA11140602.01				30.000000	no	taxable		"https://49b.pfcd.ca/wp-content/uploads/2024/04/HS392.jpg ! alt :  ! title : HS392 ! desc :  ! caption : "	https://49b.pfcd.ca/product/hs392-delta-cruiser-26x1-375-37-590/
"K1051 Konstrictor 26x1.0 (23-590)"	k1051-konstrictor-26x1-0-23-590	K2526105182				30.000000	no	taxable		"https://49b.pfcd.ca/wp-content/uploads/2024/04/K1051.png ! alt :  ! title : K1051 ! desc :  ! caption : "	https://49b.pfcd.ca/product/k1051-konstrictor-26x1-0-23-590/
"K192 Kourier 26x1.375 (37-590)"	k192-kourier-26x1-375-37-590	K25260219212				30.000000	no	taxable		"https://49b.pfcd.ca/wp-content/uploads/2024/04/K192_Grey.jpg ! alt :  ! title : K192_Grey ! desc :  ! caption : "	https://49b.pfcd.ca/product/k192-kourier-26x1-375-37-590/
"K197 EuroTrek 26x1.375 (37-590)"	k197-eurotrek-26x1-375-37-590	K25260219756				35.000000	no	taxable		"https://49b.pfcd.ca/wp-content/uploads/2024/04/K197_Grey.jpg ! alt :  ! title : K197_Grey ! desc :  ! caption : "	https://49b.pfcd.ca/product/k197-eurotrek-26x1-375-37-590/
"K103 Street 26x1.375 (37-590)"	k103-street-26x1-375-37-590	K2526210300				20.000000	no	taxable		"https://49b.pfcd.ca/wp-content/uploads/2024/04/K103_Street.jpg ! alt :  ! title : K103_Street ! desc :  ! caption : "	https://49b.pfcd.ca/product/k103-street-26x1-375-37-590/
"C1836 Sentinel 26x1.0 (25-590)"	c1836-sentinel-26x1-0-25-590	2TY061				60.000000	no	taxable		"https://49b.pfcd.ca/wp-content/uploads/2024/04/sentinel.jpg ! alt :  ! title : sentinel ! desc :  ! caption : "	https://49b.pfcd.ca/product/c1836-sentinel-26x1-0-25-590/
"C1034 Vantage 26x1.375 (37-590)"	c1034-vantage-26x1-375-37-590	2TY370				50.000000	no	taxable		"https://49b.pfcd.ca/wp-content/uploads/2024/04/C1034-side.jpg ! alt :  ! title : C1034-side ! desc :  ! caption : "	https://49b.pfcd.ca/product/c1034-vantage-26x1-375-37-590/
"Shox G2 All Terrain 26x1.0 (590)"	shox-g2-all-terrain-26x1-0-590	2TY601AAQ				40.000000	no	taxable		"https://49b.pfcd.ca/wp-content/uploads/2023/12/ShoxG2.jpg ! alt :  ! title : ShoxG2.jpg ! desc :  ! caption : "	https://49b.pfcd.ca/product/shox-g2-all-terrain-26x1-0-590/
"MS3 26"" Tufo Tubular Tires (25-590) - Blue"	ms3-26-tufo-tubular-tires-25-590-blue	2TY640				125.000000	no	taxable		"https://49b.pfcd.ca/wp-content/uploads/2024/04/WS-3.jpg ! alt :  ! title : WS-3 ! desc :  ! caption : "	https://49b.pfcd.ca/product/ms3-26-tufo-tubular-tires-25-590-blue/
"Aeroflex 26x1.375 (590)"	aeroflex-26x1-375-590	2TY0089AAD				40.000000	no	taxable		"https://49b.pfcd.ca/wp-content/uploads/2024/04/aeroflex.jpg ! alt :  ! title : aeroflex ! desc :  ! caption : "	https://49b.pfcd.ca/product/aeroflex-26x1-375-590/
"26x1 Right Run Black'n'Roll (25-590) - Black"	26x1-right-run-blacknroll-25-590-black	SNA10285391				25.000000	no	taxable		"https://49b.pfcd.ca/wp-content/uploads/2024/01/noimage54.gif ! alt :  ! title : noimage54.gif ! desc :  ! caption : "	https://49b.pfcd.ca/product/26x1-right-run-blacknroll-25-590-black/
"K1224 Paradigm 26x1 (25-590) - Black"	k1224-paradigm-26x1-25-590-black	K25261224172				65.000000	no	taxable		"https://49b.pfcd.ca/wp-content/uploads/2024/04/K1224.png ! alt :  ! title : K1224 ! desc :  ! caption : "	https://49b.pfcd.ca/product/k1224-paradigm-26x1-25-590-black/
"IRC Exeracer Pro Tires 26x1 (590) - Red"	irc-exeracer-pro-tires-26x1-590-red	2TY749				120.000000	no	taxable		"https://49b.pfcd.ca/wp-content/uploads/2024/01/noimage54.gif ! alt :  ! title : noimage54.gif ! desc :  ! caption : "	https://49b.pfcd.ca/product/irc-exeracer-pro-tires-26x1-590-red/
"26x1 (25-590) Hexon K1223 -Black"	26x1-25-590-hexon-k1223-black	K25241223172				50.000000	no	taxable		"https://49b.pfcd.ca/wp-content/uploads/2024/04/K1223-Hexon.png ! alt :  ! title : K1223-Hexon ! desc :  ! caption : "	https://49b.pfcd.ca/product/26x1-25-590-hexon-k1223-black/
"K196 Kontender Black - White sidewall 26x1"	k196-kontender-black-white-sidewall-26x1	K2590075				40.000000	no	taxable		"https://49b.pfcd.ca/wp-content/uploads/2024/04/K196_gybk.jpg ! alt :  ! title : K196_gybk ! desc :  ! caption : "	https://49b.pfcd.ca/product/k196-kontender-black-white-sidewall-26x1/
"HS407 Black Jack 24x1.90 (47-507)"	hs407-black-jack-24x1-90-47-507	SNA11125407.01				25.000000	no	taxable		"https://49b.pfcd.ca/wp-content/uploads/2024/04/HS407_BlackJack.jpg ! alt :  ! title : HS407_BlackJack ! desc :  ! caption : "	https://49b.pfcd.ca/product/hs407-black-jack-24x1-90-47-507/
"HS450 Land Cruiser 24x2.0 (50-507)"	hs450-land-cruiser-24x2-0-50-507	SNA11101031				30.000000	no	taxable		"https://49b.pfcd.ca/wp-content/uploads/2024/04/HS450_LandCruiser.jpg ! alt :  ! title : HS450_LandCruiser ! desc :  ! caption : "	https://49b.pfcd.ca/product/hs450-land-cruiser-24x2-0-50-507/
"HS430 Big Apple 24x2.0 (50-507)"	hs430-big-apple-24x2-0-50-507	SNA11100302				51.000000	no	taxable		"https://49b.pfcd.ca/wp-content/uploads/2024/04/HS430_BigApple.jpg ! alt :  ! title : HS430_BigApple ! desc :  ! caption : "	https://49b.pfcd.ca/product/hs430-big-apple-24x2-0-50-507/
"K1079 Konversion 24x1.50 (40-507)"	k1079-konversion-24x1-50-40-507	K212482				35.000000	no	taxable		"https://49b.pfcd.ca/wp-content/uploads/2024/04/K1079_Konversion.jpg ! alt :  ! title : K1079_Konversion ! desc :  ! caption : "	https://49b.pfcd.ca/product/k1079-konversion-24x1-50-40-507/
"K123 Street 24x1.75 (47-507)"	k123-street-24x1-75-47-507	K25244512314				20.000000	no	taxable		"https://49b.pfcd.ca/wp-content/uploads/2024/04/k123.jpg ! alt :  ! title : k123 ! desc :  ! caption : "	https://49b.pfcd.ca/product/k123-street-24x1-75-47-507/
"K935 Khan 24x1.75 (47-507)"	k935-khan-24x1-75-47-507	K2590058				20.000000	no	taxable		"https://49b.pfcd.ca/wp-content/uploads/2024/04/K935.jpg ! alt :  ! title : K935 ! desc :  ! caption : "	https://49b.pfcd.ca/product/k935-khan-24x1-75-47-507/
"K50 24x2.125 (57-507)"	k50-24x2-125-57-507	K2590040				15.000000	no	taxable		"https://49b.pfcd.ca/wp-content/uploads/2024/04/K50_gy.jpg ! alt :  ! title : K50_gy ! desc :  ! caption : "	https://49b.pfcd.ca/product/k50-24x2-125-57-507/
"K905 K-Rad 24x2.125 (54-507)"	k905-k-rad-24x2-125-54-507	K212477				35.000000	no	taxable		"https://49b.pfcd.ca/wp-content/uploads/2024/04/K905_KRad.jpg ! alt :  ! title : K905_KRad ! desc :  ! caption : "	https://49b.pfcd.ca/product/k905-k-rad-24x2-125-54-507/
"Cheng Shin 24x1.95 (50-507)"	cheng-shin-24x1-95-50-507	2TY380				42.000000	no	taxable		"https://49b.pfcd.ca/wp-content/uploads/2024/04/2TY380.png ! alt :  ! title : 2TY380 ! desc :  ! caption : "	https://49b.pfcd.ca/product/cheng-shin-24x1-95-50-507/
"K1047 Small Block Eight 24x1.95 (50-507)"	k1047-small-block-eight-24x1-95-50-507	K212725				65.000000	no	taxable		"https://49b.pfcd.ca/wp-content/uploads/2023/12/K1047_SmallBlockEight.jpg ! alt :  ! title : K1047_SmallBlockEight.jpg ! desc :  ! caption : "	https://49b.pfcd.ca/product/k1047-small-block-eight-24x1-95-50-507/
"24x2.0 (50-507) Kwick Drumlin K1216E Black"	24x2-0-50-507-kwick-drumlin-k1216e-black	K214225				56.000000	no	taxable		"https://49b.pfcd.ca/wp-content/uploads/2024/04/K214225.jpg ! alt :  ! title : K214225 ! desc :  ! caption : "	https://49b.pfcd.ca/product/24x2-0-50-507-kwick-drumlin-k1216e-black/
"HS396 Marathon Winter Plus Stud Black Reflex 24x1.75(47-507)"	hs396-marathon-winter-plus-stud-black-reflex-24x1-7547-507	SNA11125444.02				95.000000	no	taxable		"https://49b.pfcd.ca/wp-content/uploads/2024/04/SNA11100599.01.png ! alt :  ! title : SNA11100599.01 ! desc :  ! caption : "	https://49b.pfcd.ca/product/hs396-marathon-winter-plus-stud-black-reflex-24x1-7547-507/
"HS448 Schwalbe One 650x23c (23-571)"	hs448-schwalbe-one-650x23c-23-571	SNA11653980				110.000000	no	taxable		"https://49b.pfcd.ca/wp-content/uploads/2024/04/HS448_SchwalbeOne.jpg ! alt :  ! title : HS448_SchwalbeOne ! desc :  ! caption : "	https://49b.pfcd.ca/product/hs448-schwalbe-one-650x23c-23-571/
"HS390 SpeedRun - Grey/Black 24x0.90 (23-540)"	hs390-speedrun-grey-black-24x0-90-23-540	SNA10630005				70.000000	no	taxable		"https://49b.pfcd.ca/wp-content/uploads/2024/04/HS390_Speedrun.jpg ! alt :  ! title : HS390_Speedrun ! desc :  ! caption : "	https://49b.pfcd.ca/product/hs390-speedrun-grey-black-24x0-90-23-540/
"HS387 Right Run Plus 24x1.0 (25-540)"	hs387-right-run-plus-24x1-0-25-540	SNA10282397.02				70.000000	no	taxable		"https://49b.pfcd.ca/wp-content/uploads/2024/04/SNA10159015-new.png ! alt :  ! title : SNA10159015-new ! desc :  ! caption : "	https://49b.pfcd.ca/product/hs387-right-run-plus-24x1-0-25-540/
"HS440 Marathon Plus - Grey 24x1.0 (25-540)"	hs440-marathon-plus-grey-24x1-0-25-540	SNA10282540				71.000000	no	taxable		"https://49b.pfcd.ca/wp-content/uploads/2023/12/HS440.jpg ! alt :  ! title : HS440.jpg ! desc :  ! caption : "	https://49b.pfcd.ca/product/hs440-marathon-plus-grey-24x1-0-25-540/
"Right Run HS387 - 24x1.25 Grey/Black (28-540)"	right-run-hs387-24x1-25-grey-black-28-540	SNA10159015				35.000000	no	taxable		"https://49b.pfcd.ca/wp-content/uploads/2024/04/SNA10159015-new.png ! alt :  ! title : SNA10159015-new ! desc :  ! caption : "	https://49b.pfcd.ca/product/right-run-hs387-24x1-25-grey-black-28-540/
"K1224 Paradigm 24x1 (25-540) - Black"	k1224-paradigm-24x1-25-540-black	K25241224170				65.000000	no	taxable		"https://49b.pfcd.ca/wp-content/uploads/2024/04/K1224.png ! alt :  ! title : K1224 ! desc :  ! caption : "	https://49b.pfcd.ca/product/k1224-paradigm-24x1-25-540-black/
"IRC Exeracer Pro Tires 540 - Red"	irc-exeracer-pro-tires-540-red	2TY747				120.000000	no	taxable		"https://49b.pfcd.ca/wp-content/uploads/2024/01/noimage54.gif ! alt :  ! title : noimage54.gif ! desc :  ! caption : "	https://49b.pfcd.ca/product/irc-exeracer-pro-tires-540-red/
"MS3 24"" - Tufo Tubular Tires - Blue"	ms3-24-tufo-tubular-tires-blue	2TY646				125.000000	no	taxable		"https://49b.pfcd.ca/wp-content/uploads/2024/01/noimage54.gif ! alt :  ! title : noimage54.gif ! desc :  ! caption : "	https://49b.pfcd.ca/product/ms3-24-tufo-tubular-tires-blue/
"Innova AI2205 Black Non-Marking Tires 24x13/8"" (37-540)"	innova-ai2205-black-non-marking-tires-24x13-8-37-540	2TY-41240F				40.000000	no	taxable		"https://49b.pfcd.ca/wp-content/uploads/2024/04/innova.png ! alt :  ! title : innova ! desc :  ! caption : "	https://49b.pfcd.ca/product/innova-ai2205-black-non-marking-tires-24x13-8-37-540/
"Schwalbe Airborne 24x1.20(30-540) - Black"	schwalbe-airborne-24x1-2030-540-black	SNA11640408.03				106.000000	no	taxable		"https://49b.pfcd.ca/wp-content/uploads/2024/04/HS408_Airborne.jpg ! alt :  ! title : HS408_Airborne ! desc :  ! caption : "	https://49b.pfcd.ca/product/schwalbe-airborne-24x1-2030-540-black/
"24x1 Sentinal Polyurethane Solid Tire (25-540) P-154"	24x1-sentinal-polyurethane-solid-tire-25-540-p-154	2TY810				40.000000	no	taxable		"https://49b.pfcd.ca/wp-content/uploads/2024/04/2TY810.png ! alt :  ! title : 2TY810 ! desc :  ! caption : "	https://49b.pfcd.ca/product/24x1-sentinal-polyurethane-solid-tire-25-540-p-154/
"K402 Street 24x1.375 (32-540)"	k402-street-24x1-375-32-540	K25246940214				20.000000	no	taxable		"https://49b.pfcd.ca/wp-content/uploads/2024/04/K402.jpg ! alt :  ! title : K402 ! desc :  ! caption : "	https://49b.pfcd.ca/product/k402-street-24x1-375-32-540/
"K197 EuroTrek 24x1.375 (37-540)"	k197-eurotrek-24x1-375-37-540	K25240219756				25.000000	no	taxable		"https://49b.pfcd.ca/wp-content/uploads/2024/04/K197_Grey.jpg ! alt :  ! title : K197_Grey ! desc :  ! caption : "	https://49b.pfcd.ca/product/k197-eurotrek-24x1-375-37-540/
"K192 Kourier 24x1.375 (37-540)"	k192-kourier-24x1-375-37-540	K25242019211				30.000000	no	taxable		"https://49b.pfcd.ca/wp-content/uploads/2024/04/K192_Grey.jpg ! alt :  ! title : K192_Grey ! desc :  ! caption : "	https://49b.pfcd.ca/product/k192-kourier-24x1-375-37-540/
"K103 Street 24x1.375 (37-540)"	k103-street-24x1-375-37-540	K2524210300				20.000000	no	taxable		"https://49b.pfcd.ca/wp-content/uploads/2024/04/K103_Street.jpg ! alt :  ! title : K103_Street ! desc :  ! caption : "	https://49b.pfcd.ca/product/k103-street-24x1-375-37-540/
"K143 Street 24x1.375 (37-540)"	k143-street-24x1-375-37-540	K25242014317				20.000000	no	taxable		"https://49b.pfcd.ca/wp-content/uploads/2024/04/K143.jpg ! alt :  ! title : K143 ! desc :  ! caption : "	https://49b.pfcd.ca/product/k143-street-24x1-375-37-540/
"K1010 Nevegal 24x2.10 (54-540) - Black"	k1010-nevegal-24x2-10-54-540-black	K212188				40.000000	no	taxable		"https://49b.pfcd.ca/wp-content/uploads/2023/12/K1010.png ! alt :  ! title : K1010.png ! desc :  ! caption : "	https://49b.pfcd.ca/product/k1010-nevegal-24x2-10-54-540-black/
"C1836 Sentinel 24x1.0 (25-540)"	c1836-sentinel-24x1-0-25-540	2TY045				60.000000	no	taxable		"https://49b.pfcd.ca/wp-content/uploads/2024/04/sentinel.jpg ! alt :  ! title : sentinel ! desc :  ! caption : "	https://49b.pfcd.ca/product/c1836-sentinel-24x1-0-25-540/
"C1195 Passage 24x1.0 (25-540)"	c1195-passage-24x1-0-25-540	2TY110				40.000000	no	taxable		"https://49b.pfcd.ca/wp-content/uploads/2024/04/passage.jpg ! alt :  ! title : passage ! desc :  ! caption : "	https://49b.pfcd.ca/product/c1195-passage-24x1-0-25-540/
"C1157 Cross Court 24x1.0 (25-540)"	c1157-cross-court-24x1-0-25-540	2TY120				66.000000	no	taxable		"https://49b.pfcd.ca/wp-content/uploads/2024/04/C1157-side.jpg ! alt :  ! title : C1157-side ! desc :  ! caption : "	https://49b.pfcd.ca/product/c1157-cross-court-24x1-0-25-540/
"C763 24x1.375 (37-540)"	c763-24x1-375-37-540	2TY035				55.000000	no	taxable		"https://49b.pfcd.ca/wp-content/uploads/2024/04/C763-side9.jpg ! alt :  ! title : C763-side9 ! desc :  ! caption : "	https://49b.pfcd.ca/product/c763-24x1-375-37-540/
"C63 Orion 24x1.375 (37-540)"	c63-orion-24x1-375-37-540	2TY042				40.000000	no	taxable		"https://49b.pfcd.ca/wp-content/uploads/2024/04/c63.jpg ! alt :  ! title : c63 ! desc :  ! caption : "	https://49b.pfcd.ca/product/c63-orion-24x1-375-37-540/
"WS3 Tufo 24 (25-540)"	ws3-tufo-24-25-540	2TY650				125.000000	no	taxable		"https://49b.pfcd.ca/wp-content/uploads/2024/04/WS-3.jpg ! alt :  ! title : WS-3 ! desc :  ! caption : "	https://49b.pfcd.ca/product/ws3-tufo-24-25-540/
"HS462A Schwalbe One 24x1 (23-540)"	hs462a-schwalbe-one-24x1-23-540	SNA11600870				99.000000	no	taxable		"https://49b.pfcd.ca/wp-content/uploads/2024/04/HS462.jpg ! alt :  ! title : HS462 ! desc :  ! caption : "	https://49b.pfcd.ca/product/hs462a-schwalbe-one-24x1-23-540/
"Aeroflex 24x1.375 (540)"	aeroflex-24x1-375-540	2TY0089AAA				40.000000	no	taxable		"https://49b.pfcd.ca/wp-content/uploads/2024/04/aeroflex.jpg ! alt :  ! title : aeroflex ! desc :  ! caption : "	https://49b.pfcd.ca/product/aeroflex-24x1-375-540/
"K1079p Street - Grey 24x1 3/8 (35-540)"	k1079p-street-grey-24x1-3-8-35-540	K212505				30.000000	no	taxable		"https://49b.pfcd.ca/wp-content/uploads/2024/04/k212505.png ! alt :  ! title : k212505 ! desc :  ! caption : "	https://49b.pfcd.ca/product/k1079p-street-grey-24x1-3-8-35-540/
"HS462A Schwalbe One 25x1 (23-559)"	hs462a-schwalbe-one-25x1-23-559	SNA11600871				99.000000	no	taxable		"https://49b.pfcd.ca/wp-content/uploads/2024/04/HS462.jpg ! alt :  ! title : HS462 ! desc :  ! caption : "	https://49b.pfcd.ca/product/hs462a-schwalbe-one-25x1-23-559/
"K103 Street 22x1.375 (37-490)"	k103-street-22x1-375-37-490	K2590064				15.000000	no	taxable		"https://49b.pfcd.ca/wp-content/uploads/2024/04/K103_Street.jpg ! alt :  ! title : K103_Street ! desc :  ! caption : "	https://49b.pfcd.ca/product/k103-street-22x1-375-37-490/
"k358 Turf - Black 13x500-6"	k358-turf-black-13x500-6	K103580654A1				40.000000	no	taxable		"https://49b.pfcd.ca/wp-content/uploads/2024/04/K358_Edited.png ! alt :  ! title : K358_Edited ! desc :  ! caption : "	https://49b.pfcd.ca/product/k358-turf-black-13x500-6/
"K500 Turf 4 PI TL - Black Marking 13x500-6"	k500-turf-4-pi-tl-black-marking-13x500-6	K105000654B1				40.000000	no	taxable		"https://49b.pfcd.ca/wp-content/uploads/2024/04/k500.jpg ! alt :  ! title : k500 ! desc :  ! caption : "	https://49b.pfcd.ca/product/k500-turf-4-pi-tl-black-marking-13x500-6/
"k358 Turf Foam Filled - Black 13x500-6"	k358-turf-foam-filled-black-13x500-6	KFB13506				103.000000	no	taxable		"https://49b.pfcd.ca/wp-content/uploads/2024/04/K358_Edited.png ! alt :  ! title : K358_Edited ! desc :  ! caption : "	https://49b.pfcd.ca/product/k358-turf-foam-filled-black-13x500-6/
"K372X Turf - Black Non Marking (300-8)14x3"	k372x-turf-black-non-marking-300-814x3	K253720804B0Bk				40.000000	no	taxable		"https://49b.pfcd.ca/wp-content/uploads/2023/12/K372_B.jpg ! alt :  ! title : K372_Edited.png ! desc :  ! caption : "	https://49b.pfcd.ca/product/k372x-turf-black-non-marking-300-814x3/
"K372 Turf Foam Filled (300-8)14x3"	k372-turf-foam-filled-300-814x3	KTT30080				97.000000	no	taxable		"https://49b.pfcd.ca/wp-content/uploads/2023/12/K372_B.jpg ! alt :  ! title : K372_Edited.png ! desc :  ! caption : "	https://49b.pfcd.ca/product/k372-turf-foam-filled-300-814x3/
"HS430 Big Apple 16x2.0 (50-305)"	hs430-big-apple-16x2-0-50-305	SNA11100683				42.000000	no	taxable		"https://49b.pfcd.ca/wp-content/uploads/2024/04/HS430_BigApple.jpg ! alt :  ! title : HS430_BigApple ! desc :  ! caption : "	https://49b.pfcd.ca/product/hs430-big-apple-16x2-0-50-305/
"HS407 Black Jack 16x1.90 (47-305)"	hs407-black-jack-16x1-90-47-305	SNA11100065.01				20.000000	no	taxable		"https://49b.pfcd.ca/wp-content/uploads/2024/04/HS407_BlackJack.jpg ! alt :  ! title : HS407_BlackJack ! desc :  ! caption : "	https://49b.pfcd.ca/product/hs407-black-jack-16x1-90-47-305/
"HS429 Marathon Racer 16x1.50 (40-305)"	hs429-marathon-racer-16x1-50-40-305	SNA11100296				45.000000	no	taxable		"https://49b.pfcd.ca/wp-content/uploads/2024/04/HS429_MarathonRacer.jpg ! alt :  ! title : HS429_MarathonRacer ! desc :  ! caption : "	https://49b.pfcd.ca/product/hs429-marathon-racer-16x1-50-40-305/
"K50 Knobby - Black 16x2.125(57-305)"	k50-knobby-black-16x2-12557-305	K01165505001				15.000000	no	taxable		"https://49b.pfcd.ca/wp-content/uploads/2024/04/K50_gy.jpg ! alt :  ! title : K50_gy ! desc :  ! caption : "	https://49b.pfcd.ca/product/k50-knobby-black-16x2-12557-305/
"K123 Street 18x1.75 (47-355)"	k123-street-18x1-75-47-355	K25184512314				15.000000	no	taxable		"https://49b.pfcd.ca/wp-content/uploads/2024/04/k1236.jpg ! alt :  ! title : k1236 ! desc :  ! caption : "	https://49b.pfcd.ca/product/k123-street-18x1-75-47-355/
"K103 Street - Grey 18x1 3/8 (37-400)"	k103-street-grey-18x1-3-8-37-400	K25182010314				15.000000	no	taxable		"https://49b.pfcd.ca/wp-content/uploads/2024/04/K103_Street_200x200.jpg ! alt :  ! title : K103_Street_200x200 ! desc :  ! caption : "	https://49b.pfcd.ca/product/k103-street-grey-18x1-3-8-37-400/
"Marathon Winter Plus, HS396 Reflex 20x2.15 (55-406)"	marathon-winter-plus-hs396-reflex-20x2-15-55-406	SNA11159003				102.000000	no	taxable		"https://49b.pfcd.ca/wp-content/uploads/2024/04/SNA11100599.01_200x200.png ! alt :  ! title : SNA11100599.01_200x200 ! desc :  ! caption : "	https://49b.pfcd.ca/product/marathon-winter-plus-hs396-reflex-20x2-15-55-406/
"K42 Knobby 20x2.125 (57-406)"	k42-knobby-20x2-125-57-406	K25205504217				15.000000	no	taxable		"https://49b.pfcd.ca/wp-content/uploads/2024/04/k42.jpg ! alt :  ! title : k42 ! desc :  ! caption : "	https://49b.pfcd.ca/product/k42-knobby-20x2-125-57-406/
"k193 Kwest - Black 20x1.25 (32-406)"	k193-kwest-black-20x1-25-32-406	K212167				29.000000	no	taxable		"https://49b.pfcd.ca/wp-content/uploads/2024/04/K193_Black.jpg ! alt :  ! title : K193_Black ! desc :  ! caption : "	https://49b.pfcd.ca/product/k193-kwest-black-20x1-25-32-406/
"K1046 Karrumba 20x1.95 (50-406)"	k1046-karrumba-20x1-95-50-406	K212070				22.000000	no	taxable		"https://49b.pfcd.ca/wp-content/uploads/2024/04/K1046_Karumba.jpg ! alt :  ! title : K1046_Karumba ! desc :  ! caption : "	https://49b.pfcd.ca/product/k1046-karrumba-20x1-95-50-406/
"HS399 Durano 20x1.10 (28-406)"	hs399-durano-20x1-10-28-406	SNA11100113				55.000000	no	taxable		"https://49b.pfcd.ca/wp-content/uploads/2024/04/HS399_Durano.jpg ! alt :  ! title : HS399_Durano ! desc :  ! caption : "	https://49b.pfcd.ca/product/hs399-durano-20x1-10-28-406/
"HS331 Jumpin Jack 20x2.10 (54-406)"	hs331-jumpin-jack-20x2-10-54-406	SNA11100134.02				35.000000	no	taxable		"https://49b.pfcd.ca/wp-content/uploads/2024/04/HS331_JumpinJack.jpg ! alt :  ! title : HS331_JumpinJack ! desc :  ! caption : "	https://49b.pfcd.ca/product/hs331-jumpin-jack-20x2-10-54-406/
"C1157 V-Monster 20x2.10 (52-406)"	c1157-v-monster-20x2-10-52-406	2TY012				35.000000	no	taxable		"https://49b.pfcd.ca/wp-content/uploads/2024/04/2TY012.jpg ! alt :  ! title : 2TY012 ! desc :  ! caption : "	https://49b.pfcd.ca/product/c1157-v-monster-20x2-10-52-406/
"HS440 Marathon Plus Reflex 20x1.75 (47-406)"	hs440-marathon-plus-reflex-20x1-75-47-406	SNA11100758				75.000000	no	taxable		"https://49b.pfcd.ca/wp-content/uploads/2024/04/HS440.jpg ! alt :  ! title : HS440 ! desc :  ! caption : "	https://49b.pfcd.ca/product/hs440-marathon-plus-reflex-20x1-75-47-406/
"Creepy Crawler 20x2.0 (54-406)"	creepy-crawler-20x2-0-54-406	B71.01.05				44.000000	no	taxable		"https://49b.pfcd.ca/wp-content/uploads/2024/04/CreepyCrawler.jpg ! alt :  ! title : CreepyCrawler ! desc :  ! caption : "	https://49b.pfcd.ca/product/creepy-crawler-20x2-0-54-406/
"Performance - Black Folding 20x1.10 (28-406)"	performance-black-folding-20x1-10-28-406	SNA11653962				70.000000	no	taxable		"https://49b.pfcd.ca/wp-content/uploads/2024/04/SNA11653962.png ! alt :  ! title : SNA11653962 ! desc :  ! caption : "	https://49b.pfcd.ca/product/performance-black-folding-20x1-10-28-406/
"Pro One 20x1.10 (28-406) Microskin TLE - Black Folding"	pro-one-20x1-10-28-406-microskin-tle-black-folding	SNA11653951				110.000000	no	taxable		"https://49b.pfcd.ca/wp-content/uploads/2024/04/SNA11653951.png ! alt :  ! title : SNA11653951 ! desc :  ! caption : "	https://49b.pfcd.ca/product/pro-one-20x1-10-28-406-microskin-tle-black-folding/
"K1129 Kwick Journey 20x1.75(45-406) - Black"	k1129-kwick-journey-20x1-7545-406-black	K212949				56.000000	no	taxable		"https://49b.pfcd.ca/wp-content/uploads/2024/04/K1129.png ! alt :  ! title : K1129 ! desc :  ! caption : "	https://49b.pfcd.ca/product/k1129-kwick-journey-20x1-7545-406-black/
"HS385 Kojak 35-406 (20 x 1.35) - Black"	hs385-kojak-35-406-20-x-1-35-black	SNA11100063				45.000000	no	taxable		"https://49b.pfcd.ca/wp-content/uploads/2024/04/SNA11600046-02.png ! alt :  ! title : SNA11600046-02 ! desc :  ! caption : "	https://49b.pfcd.ca/product/hs385-kojak-35-406-20-x-1-35-black/
"C1131 Dirt Monster 20x1.95(406) - Black"	c1131-dirt-monster-20x1-95406-black	2TY010				35.000000	no	taxable		"https://49b.pfcd.ca/wp-content/uploads/2024/04/2TY010.jpg ! alt :  ! title : 2TY010 ! desc :  ! caption : "	https://49b.pfcd.ca/product/c1131-dirt-monster-20x1-95406-black/
"Marathon Winter HS396 Reflex - Black 20x1.60(42-406)"	marathon-winter-hs396-reflex-black-20x1-6042-406	SNA11116448.02				102.000000	no	taxable		"https://49b.pfcd.ca/wp-content/uploads/2024/04/SNA11100599.01_200x200.png ! alt :  ! title : SNA11100599.01_200x200 ! desc :  ! caption : "	https://49b.pfcd.ca/product/marathon-winter-hs396-reflex-black-20x1-6042-406/
"20 x 2.15 (55-406) Marathon GT 365 Black Reflex"	20-x-2-15-55-406-marathon-gt-365-black-reflex	SNA11159243				56.000000	no	taxable		"https://49b.pfcd.ca/wp-content/uploads/2024/04/SNA11159243.jpg ! alt :  ! title : SNA11159243 ! desc :  ! caption : "	https://49b.pfcd.ca/product/20-x-2-15-55-406-marathon-gt-365-black-reflex/
"K196 Kontender 20x1.0 (23-451)"	k196-kontender-20x1-0-23-451	K25200119650				40.000000	no	taxable		"https://49b.pfcd.ca/wp-content/uploads/2023/12/K196_gybk26.jpg ! alt :  ! title : K196_gybk26.jpg ! desc :  ! caption : "	https://49b.pfcd.ca/product/k196-kontender-20x1-0-23-451/
"HS387 Right Run 20x1.0 (25-451)"	hs387-right-run-20x1-0-25-451	SNA10273328.01				25.000000	no	taxable		"https://49b.pfcd.ca/wp-content/uploads/2024/04/HS387_RightRun.jpg ! alt :  ! title : HS387_RightRun ! desc :  ! caption : "	https://49b.pfcd.ca/product/hs387-right-run-20x1-0-25-451/
"HS350 Stelvio 20x1.125 (28-451)"	hs350-stelvio-20x1-125-28-451	SNA11121351				39.000000	no	taxable		"https://49b.pfcd.ca/wp-content/uploads/2024/04/HS350_Stelvio.jpg ! alt :  ! title : HS350_Stelvio ! desc :  ! caption : "	https://49b.pfcd.ca/product/hs350-stelvio-20x1-125-28-451/
"K143 Street 20x1.375 (37-451)"	k143-street-20x1-375-37-451	K25202014314				15.000000	no	taxable		"https://49b.pfcd.ca/wp-content/uploads/2024/04/K143.jpg ! alt :  ! title : K143 ! desc :  ! caption : "	https://49b.pfcd.ca/product/k143-street-20x1-375-37-451/
"Aeroflex 20x1.375 (451)"	aeroflex-20x1-375-451	2TY0063AAB				40.000000	no	taxable		"https://49b.pfcd.ca/wp-content/uploads/2024/04/aeroflex.jpg ! alt :  ! title : aeroflex ! desc :  ! caption : "	https://49b.pfcd.ca/product/aeroflex-20x1-375-451/
"HS387 Right Run 22x1.0 (25-489)"	hs387-right-run-22x1-0-25-489	SNA10275387				25.000000	no	taxable		"https://49b.pfcd.ca/wp-content/uploads/2024/04/HS387_RightRun.jpg ! alt :  ! title : HS387_RightRun ! desc :  ! caption : "	https://49b.pfcd.ca/product/hs387-right-run-22x1-0-25-489/
"HS440 Marathon Plus Evolution Reflex 22x1.0 (25-489)"	hs440-marathon-plus-evolution-reflex-22x1-0-25-489	SNA10275440				75.000000	no	taxable		"https://49b.pfcd.ca/wp-content/uploads/2024/04/HS440.jpg ! alt :  ! title : HS440 ! desc :  ! caption : "	https://49b.pfcd.ca/product/hs440-marathon-plus-evolution-reflex-22x1-0-25-489/
"HS464 Durano - Black 24x0.90 (23-520)"	hs464-durano-black-24x0-90-23-520	SNA11600685				70.000000	no	taxable		"https://49b.pfcd.ca/wp-content/uploads/2024/04/HS464_Durano.jpg ! alt :  ! title : HS464_Durano ! desc :  ! caption : "	https://49b.pfcd.ca/product/hs464-durano-black-24x0-90-23-520/
"K62 Street 24x1.25 (37-547)"	k62-street-24x1-25-37-547	K25247006217				20.000000	no	taxable		"https://49b.pfcd.ca/wp-content/uploads/2024/04/K62.jpg ! alt :  ! title : K62 ! desc :  ! caption : "	https://49b.pfcd.ca/product/k62-street-24x1-25-37-547/
"K1051 Konstrictor 25x1.0 (23-559)"	k1051-konstrictor-25x1-0-23-559	K2525105185				30.000000	no	taxable		"https://49b.pfcd.ca/wp-content/uploads/2024/04/K10515.jpg ! alt :  ! title : K10515 ! desc :  ! caption : "	https://49b.pfcd.ca/product/k1051-konstrictor-25x1-0-23-559/
"K1044 Kool Bullet 25x1.0 (25-559)"	k1044-kool-bullet-25x1-0-25-559	K25250110411				30.000000	no	taxable		"https://49b.pfcd.ca/wp-content/uploads/2024/04/k1044_200x200.jpg ! alt :  ! title : k1044_200x200 ! desc :  ! caption : "	https://49b.pfcd.ca/product/k1044-kool-bullet-25x1-0-25-559/
"HS343 SpeedAir 25x0.75 (20-559)"	hs343-speedair-25x0-75-20-559	SNA10231353.01				71.000000	no	taxable		"https://49b.pfcd.ca/wp-content/uploads/2023/12/HS343_SpeedAir_white.jpg ! alt :  ! title : HS343_SpeedAir_white.jpg ! desc :  ! caption : "	https://49b.pfcd.ca/product/hs343-speedair-25x0-75-20-559/
"HS387 Right Run 25x1.0 (23-559)"	hs387-right-run-25x1-0-23-559	SNA10283687				25.000000	no	taxable		"https://49b.pfcd.ca/wp-content/uploads/2024/04/HS387_RightRun.jpg ! alt :  ! title : HS387_RightRun ! desc :  ! caption : "	https://49b.pfcd.ca/product/hs387-right-run-25x1-0-23-559/
"HS349 Quick Slick 25x1.0 (25-559)"	hs349-quick-slick-25x1-0-25-559	SNA10231349				23.000000	no	taxable		"https://49b.pfcd.ca/wp-content/uploads/2024/04/HS349_QuickSlick7.jpg ! alt :  ! title : HS349_QuickSlick7 ! desc :  ! caption : "	https://49b.pfcd.ca/product/hs349-quick-slick-25x1-0-25-559/
"HS344 Home Run 25x1.0 (25-559)"	hs344-home-run-25x1-0-25-559	SNA10231644				28.000000	no	taxable		"https://49b.pfcd.ca/wp-content/uploads/2024/04/hs344.jpg ! alt :  ! title : hs344 ! desc :  ! caption : "	https://49b.pfcd.ca/product/hs344-home-run-25x1-0-25-559/
"HS464 Durano 25x1.10 (28-559)"	hs464-durano-25x1-10-28-559	SNA11600686				70.000000	no	taxable		"https://49b.pfcd.ca/wp-content/uploads/2024/04/HS464_Durano.jpg ! alt :  ! title : HS464_Durano ! desc :  ! caption : "	https://49b.pfcd.ca/product/hs464-durano-25x1-10-28-559/
"HS408 Airborne 25x1.2 (30-559)"	hs408-airborne-25x1-2-30-559	SNA11641408				106.000000	no	taxable		"https://49b.pfcd.ca/wp-content/uploads/2024/04/HS408_Airborne.jpg ! alt :  ! title : HS408_Airborne ! desc :  ! caption : "	https://49b.pfcd.ca/product/hs408-airborne-25x1-2-30-559/
"C1195 Passage 25x1.0 (25-559)"	c1195-passage-25x1-0-25-559	2TY056				60.000000	no	taxable		"https://49b.pfcd.ca/wp-content/uploads/2024/04/passage.jpg ! alt :  ! title : passage ! desc :  ! caption : "	https://49b.pfcd.ca/product/c1195-passage-25x1-0-25-559/
"C1836 Sentinel 25x1.0 (25-559)"	c1836-sentinel-25x1-0-25-559	2TY057				60.000000	no	taxable		"https://49b.pfcd.ca/wp-content/uploads/2024/04/sentinel.jpg ! alt :  ! title : sentinel ! desc :  ! caption : "	https://49b.pfcd.ca/product/c1836-sentinel-25x1-0-25-559/
"C1191 Silver Bullet 25x1.0 (25-559)"	c1191-silver-bullet-25x1-0-25-559	2TY130				60.000000	no	taxable		"https://49b.pfcd.ca/wp-content/uploads/2024/04/C1191-side.jpg ! alt :  ! title : C1191-side ! desc :  ! caption : "	https://49b.pfcd.ca/product/c1191-silver-bullet-25x1-0-25-559/
"MS3 25 (25-559)"	ms3-25-25-559	2TY645				125.000000	no	taxable		"https://49b.pfcd.ca/wp-content/uploads/2024/04/WS-3.jpg ! alt :  ! title : WS-3 ! desc :  ! caption : "	https://49b.pfcd.ca/product/ms3-25-25-559/
"HS440 Marathon Plus Reflex 26x1.35 (35-559)"	hs440-marathon-plus-reflex-26x1-35-35-559	SNA11100760				99.000000	no	taxable		"https://49b.pfcd.ca/wp-content/uploads/2024/04/HS440.jpg ! alt :  ! title : HS440 ! desc :  ! caption : "	https://49b.pfcd.ca/product/hs440-marathon-plus-reflex-26x1-35-35-559/
"HS396 Marathon Winter Reflex - Stud 26x1.75 (47-559)"	hs396-marathon-winter-reflex-stud-26x1-75-47-559	SNA11100599.01				75.000000	no	taxable		"https://49b.pfcd.ca/wp-content/uploads/2024/04/SNA11100599.01.png ! alt :  ! title : SNA11100599.01 ! desc :  ! caption : "	https://49b.pfcd.ca/product/hs396-marathon-winter-reflex-stud-26x1-75-47-559/
"K1224 Paradigm 25x1 (25-559) - Black"	k1224-paradigm-25x1-25-559-black	K25251224171				65.000000	no	taxable		"https://49b.pfcd.ca/wp-content/uploads/2024/04/K1224.png ! alt :  ! title : K1224 ! desc :  ! caption : "	https://49b.pfcd.ca/product/k1224-paradigm-25x1-25-559-black/
"K816 Smoke 26x2.10 (54-559) - Gy"	k816-smoke-26x2-10-54-559-gy	K01265381614				20.000000	no	taxable		"https://49b.pfcd.ca/wp-content/uploads/2023/12/noimage-1.gif ! alt :  ! title : noimage ! desc :  ! caption : "	https://49b.pfcd.ca/product/k816-smoke-26x2-10-54-559-gy/
"HS387 Right Run 25x1 (28-559) - Grey/Black"	hs387-right-run-25x1-28-559-grey-black	SNA10159012				35.000000	no	taxable		"https://49b.pfcd.ca/wp-content/uploads/2024/04/HS387_RightRun.jpg ! alt :  ! title : HS387_RightRun ! desc :  ! caption : "	https://49b.pfcd.ca/product/hs387-right-run-25x1-28-559-grey-black/
"K803A All Terrain 26x1.375 (37-559)"	k803a-all-terrain-26x1-375-37-559	K25262080314				25.000000	no	taxable		"https://49b.pfcd.ca/wp-content/uploads/2024/04/k803a.jpg ! alt :  ! title : k803a ! desc :  ! caption : "	https://49b.pfcd.ca/product/k803a-all-terrain-26x1-375-37-559/
"K197 EuroTrek 26x1.95 (50-559)"	k197-eurotrek-26x1-95-50-559	K25260219781				25.000000	no	taxable		"https://49b.pfcd.ca/wp-content/uploads/2024/04/K197_Grey.jpg ! alt :  ! title : K197_Grey ! desc :  ! caption : "	https://49b.pfcd.ca/product/k197-eurotrek-26x1-95-50-559/
"K905 K-Rad 26x1.95 (50-559)"	k905-k-rad-26x1-95-50-559	K212335				40.000000	no	taxable		"https://49b.pfcd.ca/wp-content/uploads/2024/04/K905_KRad.jpg ! alt :  ! title : K905_KRad ! desc :  ! caption : "	https://49b.pfcd.ca/product/k905-k-rad-26x1-95-50-559/
"K1150 Nevegal X Pro 26x2.10 (52-559)"	k1150-nevegal-x-pro-26x2-10-52-559	K212907				65.000000	no	taxable		"https://49b.pfcd.ca/wp-content/uploads/2024/04/k1150.jpg ! alt :  ! title : k1150 ! desc :  ! caption : "	https://49b.pfcd.ca/product/k1150-nevegal-x-pro-26x2-10-52-559/
"K917 Karma Pro 26x2.10 (54-559)"	k917-karma-pro-26x2-10-54-559	K212340				65.000000	no	taxable		"https://49b.pfcd.ca/wp-content/uploads/2024/04/k917.jpg ! alt :  ! title : k917 ! desc :  ! caption : "	https://49b.pfcd.ca/product/k917-karma-pro-26x2-10-54-559/
"K1059 ExcavatorPro 26x1.95 (50-559)"	k1059-excavatorpro-26x1-95-50-559	K212369				70.000000	no	taxable		"https://49b.pfcd.ca/wp-content/uploads/2024/04/K1059_Excavator.jpg ! alt :  ! title : K1059_Excavator ! desc :  ! caption : "	https://49b.pfcd.ca/product/k1059-excavatorpro-26x1-95-50-559/
"HS269 CX Pro 26x1.35 (35-559)"	hs269-cx-pro-26x1-35-35-559	SNA11100185.01				42.000000	no	taxable		"https://49b.pfcd.ca/wp-content/uploads/2024/04/HS269_CXPro.jpg ! alt :  ! title : HS269_CXPro ! desc :  ! caption : "	https://49b.pfcd.ca/product/hs269-cx-pro-26x1-35-35-559/
"HS376 Insider 26x1.35 (35-559)"	hs376-insider-26x1-35-35-559	SNA11600063.01				60.000000	no	taxable		"https://49b.pfcd.ca/wp-content/uploads/2024/04/HS376_Insider.jpg ! alt :  ! title : HS376_Insider ! desc :  ! caption : "	https://49b.pfcd.ca/product/hs376-insider-26x1-35-35-559/
"HS450 Land Cruiser 26x1.75 (47-559)"	hs450-land-cruiser-26x1-75-47-559	SNA11101033				30.000000	no	taxable		"https://49b.pfcd.ca/wp-content/uploads/2024/04/HS307_LandCruiser.jpg ! alt :  ! title : HS307_LandCruiser ! desc :  ! caption : "	https://49b.pfcd.ca/product/hs450-land-cruiser-26x1-75-47-559/
"HS469 Marathon Supreme 26x2.0 (50-559)"	hs469-marathon-supreme-26x2-0-50-559	SNA11600177.02				120.000000	no	taxable		"https://49b.pfcd.ca/wp-content/uploads/2024/04/HS469.jpg ! alt :  ! title : HS469 ! desc :  ! caption : "	https://49b.pfcd.ca/product/hs469-marathon-supreme-26x2-0-50-559/
"HS466 Jumbo Jim 26x4.0 (100-559)"	hs466-jumbo-jim-26x4-0-100-559	SNA11600715				150.000000	no	taxable		"https://49b.pfcd.ca/wp-content/uploads/2024/04/HS4661.jpg ! alt :  ! title : HS4661 ! desc :  ! caption : "	https://49b.pfcd.ca/product/hs466-jumbo-jim-26x4-0-100-559/
"Aeroflex 25x1.375 (559)"	aeroflex-25x1-375-559	2TY0089AAE				40.000000	no	taxable		"https://49b.pfcd.ca/wp-content/uploads/2024/04/aeroflex.jpg ! alt :  ! title : aeroflex ! desc :  ! caption : "	https://49b.pfcd.ca/product/aeroflex-25x1-375-559/
"22'' Wire"	22-wire	4WH630				150.000000	no	taxable		"https://49b.pfcd.ca/wp-content/uploads/2024/01/4WH625.jpg ! alt :  ! title : SpinergySpinwire.jpg ! desc :  ! caption : "	https://49b.pfcd.ca/product/22-wire/
"22'' Spinergy Extra Light Extreme"	22-spinergy-extra-light-extreme	LXL22.18.111				510.000000	no	taxable		"https://49b.pfcd.ca/wp-content/uploads/2023/12/LXL24.18.111.jpg ! alt :  ! title : LXL24.18.111.jpg ! desc :  ! caption : "	https://49b.pfcd.ca/product/22-spinergy-extra-light-extreme/
"Marathon Reflex 25x1.35 (32-559) - Black"	marathon-reflex-25x1-35-32-559-black	SNA11100144				75.000000	no	taxable		"https://49b.pfcd.ca/wp-content/uploads/2024/04/HS440_MarathonPlus.gif ! alt :  ! title : HS440_MarathonPlus ! desc :  ! caption : "	https://49b.pfcd.ca/product/marathon-reflex-25x1-35-32-559-black/
"K196 Kontender Black - White sidewall 25x1"	k196-kontender-black-white-sidewall-25x1	K2590074				40.000000	no	taxable		"https://49b.pfcd.ca/wp-content/uploads/2024/04/K196_gybk.jpg ! alt :  ! title : K196_gybk ! desc :  ! caption : "	https://49b.pfcd.ca/product/k196-kontender-black-white-sidewall-25x1/
"CR20 Cross Spokes – Black"	cr20-cross-spokes-black	4WH062				272.00	no	taxable		"https://49b.pfcd.ca/wp-content/uploads/2024/04/4WH062-1.png ! alt :  ! title : 4WH062-1 ! desc :  ! caption : "	https://49b.pfcd.ca/product/cr20-cross-spokes-black/
"25x1 (25-559) Hexon K1223 – Black"	25x1-25-559-hexon-k1223-black	K25241223171				50.00	no	taxable		"https://49b.pfcd.ca/wp-content/uploads/2024/04/K1223-Hexon.png ! alt :  ! title : K1223-Hexon ! desc :  ! caption : "	https://49b.pfcd.ca/product/25x1-25-559-hexon-k1223-black/
"28'' CR20 - Cross Spokes"	28-cr20-cross-spokes	4WH154				195.00	no	taxable		"https://49b.pfcd.ca/wp-content/uploads/2024/04/4WH148.jpg ! alt :  ! title : 4WH148 ! desc :  ! caption : "	https://49b.pfcd.ca/product/28-cr20-cross-spokes/
"700c Equalizer"	700c-equalizer	4WH465				245.00	no	taxable		"https://49b.pfcd.ca/wp-content/uploads/2024/04/4WH450.jpg ! alt :  ! title : 4WH450 ! desc :  ! caption : "	https://49b.pfcd.ca/product/700c-equalizer/
"24'' CR20 - Cross Spokes"	24-cr20-cross-spokes	4WH148				195.000000	no	taxable		"https://49b.pfcd.ca/wp-content/uploads/2024/04/4WH148.jpg ! alt :  ! title : 4WH148 ! desc :  ! caption : "	https://49b.pfcd.ca/product/24-cr20-cross-spokes/
"25'' CR20 - Cross Spokes"	25-cr20-cross-spokes	4WH150				195.00	no	taxable		"https://49b.pfcd.ca/wp-content/uploads/2024/04/4WH148.jpg ! alt :  ! title : 4WH148 ! desc :  ! caption : "	https://49b.pfcd.ca/product/25-cr20-cross-spokes/
"24'' CR20 Black 36S-3X"	24-cr20-black-36s-3x	4WH155				325.000000	no	taxable		"https://49b.pfcd.ca/wp-content/uploads/2024/04/4WH155.jpg ! alt :  ! title : 4WH155 ! desc :  ! caption : "	https://49b.pfcd.ca/product/24-cr20-black-36s-3x/
"25'' CR20 Black 36S-3X"	25-cr20-black-36s-3x	4WH156				325.00	no	taxable		"https://49b.pfcd.ca/wp-content/uploads/2024/04/4WH155.jpg ! alt :  ! title : 4WH155 ! desc :  ! caption : "	https://49b.pfcd.ca/product/25-cr20-black-36s-3x/
"24'' Equalizer"	24-equalizer	4WH450				245.000000	no	taxable		"https://49b.pfcd.ca/wp-content/uploads/2024/04/4WH450.jpg ! alt :  ! title : 4WH450 ! desc :  ! caption : "	https://49b.pfcd.ca/product/24-equalizer/
"25'' Equalizer"	25-equalizer	4WH455				245.00	no	taxable		"https://49b.pfcd.ca/wp-content/uploads/2024/04/4WH450.jpg ! alt :  ! title : 4WH450 ! desc :  ! caption : "	https://49b.pfcd.ca/product/25-equalizer/
"24'' Zero G"	24-zero-g	4WH210				160.000000	no	taxable		"https://49b.pfcd.ca/wp-content/uploads/2024/04/4WH210.jpg ! alt :  ! title : 4WH210 ! desc :  ! caption : "	https://49b.pfcd.ca/product/24-zero-g/
"25'' Zero G"	25-zero-g	4WH220				160.00	no	taxable		"https://49b.pfcd.ca/wp-content/uploads/2024/04/4WH210.jpg ! alt :  ! title : 4WH210 ! desc :  ! caption : "	https://49b.pfcd.ca/product/25-zero-g/
"24'' Cyclone Aluminum"	24-cyclone-aluminum	4WH250				625.000000	no	taxable		"https://49b.pfcd.ca/wp-content/uploads/2024/04/4WH250.jpg ! alt :  ! title : 4WH250 ! desc :  ! caption : "	https://49b.pfcd.ca/product/24-cyclone-aluminum/
"24'' Phoenix Aluminum"	24-phoenix-aluminum	4WH253				625.000000	no	taxable		"https://49b.pfcd.ca/wp-content/uploads/2024/04/4WH253.jpg ! alt :  ! title : 4WH253 ! desc :  ! caption : "	https://49b.pfcd.ca/product/24-phoenix-aluminum/
"25'' Cyclone Aluminum"	25-cyclone-aluminum	4WH260				625.00	no	taxable		"https://49b.pfcd.ca/wp-content/uploads/2024/04/4WH250.jpg ! alt :  ! title : 4WH250 ! desc :  ! caption : "	https://49b.pfcd.ca/product/25-cyclone-aluminum/
"25'' Phoenix Aluminum"	25-phoenix-aluminum	4WH263				625.00	no	taxable		"https://49b.pfcd.ca/wp-content/uploads/2024/04/4WH253.jpg ! alt :  ! title : 4WH253 ! desc :  ! caption : "	https://49b.pfcd.ca/product/25-phoenix-aluminum/
"24'' Twin Star"	24-twin-star	4WH430				640.000000	no	taxable		"https://49b.pfcd.ca/wp-content/uploads/2024/04/4WH430.jpg ! alt :  ! title : 4WH430 ! desc :  ! caption : "	https://49b.pfcd.ca/product/24-twin-star/
"25'' Twin Star"	25-twin-star	4WH431				640.00	no	taxable		"https://49b.pfcd.ca/wp-content/uploads/2024/04/4WH430.jpg ! alt :  ! title : 4WH430 ! desc :  ! caption : "	https://49b.pfcd.ca/product/25-twin-star/
"24'' X-Core Mag 5"	24-x-core-mag-5	4WH575				115.000000	no	taxable		"https://49b.pfcd.ca/wp-content/uploads/2024/01/4WH565.jpg ! alt :  ! title : Mag-Xcore.jpg ! desc :  ! caption : "	https://49b.pfcd.ca/product/24-x-core-mag-5/
"24'' Wire"	24-wire	4WH635				150.000000	no	taxable		"https://49b.pfcd.ca/wp-content/uploads/2024/01/4WH625.jpg ! alt :  ! title : SpinergySpinwire.jpg ! desc :  ! caption : "	https://49b.pfcd.ca/product/24-wire/
"24"" X-CoreTM 3-Spoke Carbon Fiber- Black"	24-x-coretm-3-spoke-carbon-fiber-black	4WH580				585.000000	no	taxable		"https://49b.pfcd.ca/wp-content/uploads/2024/04/4WH580.png ! alt :  ! title : 4WH580 ! desc :  ! caption : "	https://49b.pfcd.ca/product/24-x-coretm-3-spoke-carbon-fiber-black/
"540 Loopwheel Carbon"	540-loopwheel-carbon	4WH885-LWC				2768.000000	no	taxable		"https://49b.pfcd.ca/wp-content/uploads/2024/04/loopwheels-5076.png ! alt :  ! title : loopwheels-5076 ! desc :  ! caption : "	https://49b.pfcd.ca/product/540-loopwheel-carbon/
"559 Loopwheel Carbon"	559-loopwheel-carbon	4WH886-LWC				2768.000000	no	taxable		"https://49b.pfcd.ca/wp-content/uploads/2024/04/loopwheels-5076.png ! alt :  ! title : loopwheels-5076 ! desc :  ! caption : "	https://49b.pfcd.ca/product/559-loopwheel-carbon/
"26'' CR20 - Cross Spokes"	26-cr20-cross-spokes	4WH152				195.00	no	taxable		"https://49b.pfcd.ca/wp-content/uploads/2024/04/4WH148.jpg ! alt :  ! title : 4WH148 ! desc :  ! caption : "	https://49b.pfcd.ca/product/26-cr20-cross-spokes/
"26'' CR20 Black 36S-3X"	26-cr20-black-36s-3x	4WH157				325.00	no	taxable		"https://49b.pfcd.ca/wp-content/uploads/2024/04/4WH155.jpg ! alt :  ! title : 4WH155 ! desc :  ! caption : "	https://49b.pfcd.ca/product/26-cr20-black-36s-3x/
"26'' Equalizer"	26-equalizer	4WH460				245.00	no	taxable		"https://49b.pfcd.ca/wp-content/uploads/2024/04/4WH450.jpg ! alt :  ! title : 4WH450 ! desc :  ! caption : "	https://49b.pfcd.ca/product/26-equalizer/
"26'' Wire"	26-wire	4WH645				150.000000	no	taxable		"https://49b.pfcd.ca/wp-content/uploads/2024/01/4WH625.jpg ! alt :  ! title : SpinergySpinwire.jpg ! desc :  ! caption : "	https://49b.pfcd.ca/product/26-wire/
"25'' Wire"	25-wire	4WH640				150.000000	no	taxable		"https://49b.pfcd.ca/wp-content/uploads/2024/01/4WH625.jpg ! alt :  ! title : SpinergySpinwire.jpg ! desc :  ! caption : "	https://49b.pfcd.ca/product/25-wire/
